Manufacturer,Type,Name,Image
Rinehart,Bear,Cinnamon Bear,Bear-CinnamonBear.png
Rinehart,Bear,Large Black Bear,Bear-LargeBlackBear.png
Rinehart,Bear,Mountain Grizzly,Bear-MountainGrizzlyBear.png
Rinehart,Bear,Polar Bear,Bear-PolarBear.png
Rinehart,Big Game,Moose,BigGame-Moose.png
Rinehart,Big Game,Pronghorn Antelope,BigGame-PronghornAntelope.png
Rinehart,Boar,Javelina,Boar-Javelina.png
Rinehart,Boar,Razor Back,Boar-RazorBack.png
Rinehart,Boar,Rising Boar,Boar-RisingBoar.png
Rinehart,Deer,30 Point Buck,Deer-30PointBuck.png
Rinehart,Deer,Alert Deer,Deer-AlertDeer.png
Rinehart,Deer,Apple Browsing Buck,Deer-AppleBrowsingBuck.png
Rinehart,Deer,Bedded Doe,Deer-BeddedDoe.png
Rinehart,Deer,Big Ten Buck,Deer-BigTenBuck.png
Rinehart,Deer,Fallow Deer,Deer-FallowDeer.png
Rinehart,Deer,Feeding Deer,Deer-FeedingDoe.png
Rinehart,Deer,Fighting Rubbing Deer,Deer-FightingRubbingBuck.png
Rinehart,Deer,Giant Mule Deer,Deer-GiantMuleDeer.png
Rinehart,Deer,Spike Buck,Deer-SpikeBuck.png
Rinehart,Predator,Baboon,Exotic-Baboon.png
Rinehart,Reptile,Green Cobra,Exotic-GreenCobra.png
Rinehart,Reptile,Green Frog,Exotic-GreenFrog.png
Rinehart,Exotic,Hadrosaur,Exotic-Hadrosaur.png
Rinehart,Exotic,Stegosaurus,Exotic-Stegosaurus.png
Rinehart,Exotic,Velociraptor,Exotic-Velociraptor.png
Rinehart,Fish,Carp,Fish-Carp.png
Rinehart,Predator,Black Panther,Predator-BlackPanther.png
Rinehart,Predator,Coyote,Predator-Coyote.png
Rinehart,Predator,Snarling Wolf,Predator-SnarlingWolf.png
Rinehart,Predator,Wolverine,Predator-Wolverine.png
Rinehart,Goat,Catalina Goat,Sheep-CatalinaGoat.png
Rinehart,Goat,Stone Sheep,Sheep-StoneSheep.png
Rinehart,Turkey,Gobbler,Turkey-Gobbler.png
Rinehart,Turkey,Strutting Turkey,Turkey-StruttingTurkey.png
Rinehart,Turkey,Tom Turkey,Turkey-TomTurkey.png
Rinehart,Varmint,Bobcat,Varmint-Bobcat.png
Rinehart,Varmint,Raccoon,Varmint-Raccoon.png
Rinehart,Varmint,Skunk,Varmint-Skunk.png
DeltaMcKenzie,Big Game,African Impala,african-impala.jpg
DeltaMcKenzie,Big Cat,African Leopard,african-leopard.jpg
DeltaMcKenzie,Big Cat,African Lion,african-lion.jpg
DeltaMcKenzie,Boar,African Warthog,african-warthog.jpg
DeltaMcKenzie,Bird,Alert Jake,alert-jake.jpg
DeltaMcKenzie,Turkey,Alert Turkey,alert-turkey.jpg
DeltaMcKenzie,Reptile,Alligator,alligator.jpg
DeltaMcKenzie,Deer,Antelope ,antelope_1.jpg
DeltaMcKenzie,Varmint,Armadillo,armadillo.jpg
DeltaMcKenzie,Varmint,Beaver,beaver.jpg
DeltaMcKenzie,Deer,Bedded Deer,bedded-deer.jpg
DeltaMcKenzie,Goat,Bighorn Sheep ,bighorn-sheep_2.jpg
DeltaMcKenzie,Big Game,Bison,bison.jpg
DeltaMcKenzie,Deer,Black Bock,black-bock.jpg
DeltaMcKenzie,Deer,Blesbock,blesbock.jpg
DeltaMcKenzie,Varmint,Bobcat,bobcat.jpg
DeltaMcKenzie,Big Game,Caribou,caribou.jpg
DeltaMcKenzie,Deer,Chamois,chamois.jpg
DeltaMcKenzie,Predator,Coyote,coyote.jpg
DeltaMcKenzie,Big Game,Elk,elk.jpg
DeltaMcKenzie,Predator,Fox,fox.jpg
DeltaMcKenzie,Deer,Galdiator Buck,galdiator-buck.jpg
DeltaMcKenzie,Turkey,Gobbling Turkey,gobbling-turkey.jpg
DeltaMcKenzie,Bear,Grizzly Bear,grizzly-bear.jpg
DeltaMcKenzie,Predator,Hyena ,hyena_1.jpg
DeltaMcKenzie,Deer,Ibex,ibex.jpg
DeltaMcKenzie,Boar,Javelina,javelina.jpg
DeltaMcKenzie,Boar,Javelina ,javelina_2.jpg
DeltaMcKenzie,Deer,Large Alert Deer,large-alert-deer.jpg
DeltaMcKenzie,Deer,Large Deer,large-deer.jpg
DeltaMcKenzie,Deer,Large Sneak Deer,large-sneak-deer.jpg
DeltaMcKenzie,Bear,Medium Black Bear,medium-black-bear.jpg
DeltaMcKenzie,Bear,Medium Brown Bear,medium-brown-bear.jpg
DeltaMcKenzie,Deer,Medium Grazing Deer,medium-grazing-deer.jpg
DeltaMcKenzie,Big Cat,Mountain Lion,mountain-lion.jpg
DeltaMcKenzie,Deer,Mule Deer,mule-deer.jpg
DeltaMcKenzie,Varmint,Porcupine,porcupine.jpg
DeltaMcKenzie,Deer,Pronghorn Antelope,pronghorn-antelope.jpg
DeltaMcKenzie,Varmint,Rabbit ,rabbit_2.jpg
DeltaMcKenzie,Varmint,Raccoon,raccoon.jpg
DeltaMcKenzie,Varmint,Raccoon ,raccoon_2.jpg
DeltaMcKenzie,Predator,Red Fox,red-fox.jpg
DeltaMcKenzie,Bear,Standing Bear,standing-bear.jpg
DeltaMcKenzie,Predator,Timber Wolf,timber-wolf.jpg
DeltaMcKenzie,Turkey,Turkey Strutting,turkey-strutting.jpg
DeltaMcKenzie,Bear,Walking Brown Bear,walking-brown-bear.jpg
DeltaMcKenzie,Boar,Wild Boar,wild-boar.jpg
DeltaMcKenzie,Boar,Wild Boar ,wild-boar_2.jpg
DeltaMcKenzie,Predator,Wolf,wolf.jpg
DeltaMcKenzie,Varmint,Woodchuck,woodchuck.jpg
Bearpaw,Bear,Blackbear,blackbear.jpg
Bearpaw,Deer,Alert Roe Buck,longlife-alert-roe-buck-group3.jpg
Bearpaw,Deer,Alert Roe Deer,longlife-alert-roe-deer-group3_1.jpg
Bearpaw,Varmint,Armadillo,longlife-armadillo-group3.jpg
Bearpaw,Varmint,Badger,longlife-badger-group4.jpg
Bearpaw,Varmint,Beaver,longlife-beaver-group3.jpg
Bearpaw,Bird,Big Owl,longlife-big-owl-group3.jpg
Bearpaw,Bird,Drake,longlife-drake-group4.jpg
Bearpaw,Bird,Duck,longlife-duck-group4.jpg
Bearpaw,Bird,Female Pheasant,longlife-female-pheasant-group4.jpg
Bearpaw,Bird,Grouse,longlife-grouse-group3.jpg
Bearpaw,Varmint,Hare,longlife-hare-group4.jpg
Bearpaw,Bird,Heron,longlife-heron-group3.jpg
Bearpaw,Predator,Howling Coyote,longlife-howling-coyote-group3.jpg
Bearpaw,Boar,Javelina Boar,longlife-javelina-boar-group3-1.jpg
Bearpaw,Boar,Javelina Piglet,longlife-javelina-piglet-group4.jpg
Bearpaw,Boar,Javelina Sow,longlife-javelina-sow-group3-2.jpg
Bearpaw,Deer,Lying Buck,longlife-lying-buck-group3.jpg
Bearpaw,Deer,Lying Roe,longlife-lying-roe-group3.jpg
Bearpaw,Predator,Lynx,longlife-lynx-group2.jpg
Bearpaw,Bird,Male Pheasant,longlife-male-pheasant-group4.jpg
Bearpaw,Varmint,Moving Squirrel,longlife-moving-squirrel-group4.jpg
Bearpaw,Boar,Piglet,longlife-piglet-group4.jpg
Bearpaw,Varmint,Raccoon,longlife-raccoon-group4.jpg
Bearpaw,Varmint,Rat,longlife-rat-group4.jpg
Bearpaw,Predator,Red Fox,longlife-red-fox-group3.jpg
Bearpaw,Bird,Red Kite,longlife-red-kite-group4.jpg
Bearpaw,Bird,Screech Owl ,longlife-screech-owl-group-4.jpg
Bearpaw,Varmint,Sitting Rat,longlife-sitting-rat-group4.jpg
Bearpaw,Predator,Sneaking Fox,longlife-sneaking-fox-group3.jpg
Bearpaw,Bird,Snow Goose,longlife-snow-goose-group4.jpg
Bearpaw,Varmint,Standing Meerkat,longlife-standing-meerkat-group4.jpg
Bearpaw,Varmint,Stone Merten,longlife-stone-merten-group4.jpg
Bearpaw,Turkey,Strugging Turkey,longlife-strugging-turkey-group3.jpg
Bearpaw,Exotic,Targo Monster Special,longlife-targo-monster-special.jpg
Bearpaw,Turkey,Turkey Hen,longlife-turkey-hen-group3.jpg
Bearpaw,Bird,Vulture,longlife-vulture-group3.jpg
Bearpaw,Varmint,Walking Meerkat,longlife-walking-meerkat-group4.jpg
Bearpaw,Boar,Wild Boar Bedded,longlife-wild-boar-bedded-group2.jpg
Bearpaw,Boar,Wild Boar,longlife-wild-boar-group2.jpg
Bearpaw,Bird,Wild Goose,longlife-wild-goose-group4.jpg
Bearpaw,Predator,Wolverine,longlife-wolverine-group3.jpg
Bearpaw,Varmint,Woodchuck,longlife-woodchuck-group4.jpg
Bearpaw,Exotic,Wutz Special,longlife-wutz-special.jpg
Bearpaw,Varmint,Sitting Squirrel,sitting-squirrel.jpg
SRT,Varmint,Badger,badger_3.jpg
SRT,Varmint,Beaver,beaver_2.jpg
SRT,Deer,Bedded Fallow Deer,bedded-fallow-deer.jpg
SRT,Bug,Beetle,beetle.jpg
SRT,Bug,Black Widow Spider,black-widow-spider.jpg
SRT,Bird,Blackcock,blackcock.jpg
SRT,Bear,Brown Bear,brown-bear_2.jpg
SRT,Bird,Canadian Goose,canadian-goose_2.jpg
SRT,Goat,Chamois Summer Bedded,chamois-summer-bedded.jpg
SRT,Goat,Chamois Summer Grazing,chamois-summer-grazing.jpg
SRT,Goat,Chamois Summer Looking,chamois-summer-looking.jpg
SRT,Goat,Chamois Summer Walking,chamois-summer-walking.jpg
SRT,Goat,Chamois Winter Bedded,chamois-winter-bedded.jpg
SRT,Goat,Chamois Winter Grazing,chamois-winter-grazing.jpg
SRT,Goat,Chamois Winter Looking,chamois-winter-looking.jpg
SRT,Goat,Chamois Winter Walking,chamois-winter-walking.jpg
SRT,Varmint,Coypu,coypu.jpg
SRT,Goat,Dahl Sheep,dahl-sheep-bedded_2.jpg
SRT,Goat,Dahl Sheep Bedded,dahl-sheep.jpg
SRT,Bird,Dodo London,dodo-london.jpg
SRT,Bird,Dodo Paris,dodo-paris.jpg
SRT,Big Game,Elk,elk-bedded.jpg
SRT,Big Game,Elk Bedded,elk_2.jpg
SRT,Deer,Fallow Deer,fallow-deer-grazing.jpg
SRT,Deer,Fallow Deer Grazing,fallow-deer_4.jpg
SRT,Predator,Fox Bedded,fox-bedded.jpg
SRT,Predator,Fox Walking,fox-walking.jpg
SRT,Predator,Fox White,fox-white.jpg
SRT,Bear,Grizzly Standing,grizzly-standing.jpg
SRT,Varmint,Hare,hare-white.jpg
SRT,Varmint,Hare White,hare_2.jpg
SRT,Bug,Hornet,hornet.jpg
SRT,Goat,Ibex,ibex-bedded_2.jpg
SRT,Goat,Ibex Bedded,ibex_2.jpg
SRT,Predator,Jakal,jakal.jpg
SRT,Boar,Javelina,javelina_4.jpg
SRT,Predator,Lynx,lynx-hunting.jpg
SRT,Predator,Lynx Hunting,lynx-sitting.jpg
SRT,Predator,Lynx Sitting,lynx_2.jpg
SRT,Varmint,Marmot,marmot.jpg
SRT,Goat,Muflon Bedded,muflon-bedded.jpg
SRT,Goat,Muflon Grazing,muflon-grazing.jpg
SRT,Goat,Muflon Standing,muflon-standing.jpg
SRT,Goat,Muflon Walking,muflon-walking.jpg
SRT,Varmint,Murmasky,murmasky.jpg
SRT,Varmint,Onetwothree,onetwothree.jpg
SRT,Varmint,Otter,otter_2.jpg
SRT,Bird,Owl,owl-brown.jpg
SRT,Bird,Owl Brown,owl-white.jpg
SRT,Bird,Owl White,owl_3.jpg
SRT,Bird,Pheasant,pheasant-black.jpg
SRT,Bird,Pheasant Black,pheasant_3.jpg
SRT,Bear,Polar Bear,polar-bear-standing.jpg
SRT,Bear,Polar Bear Standing,polar-bear_2.jpg
SRT,Varmint,Rabbit,rabbit-polar.jpg
SRT,Varmint,Rabbit Polar,rabbit_5.jpg
SRT,Varmint,Raccoon,raccoon_5.jpg
SRT,Bird,Raven,raven_1.jpg
SRT,Boar,Red Boar,red-boar.jpg
SRT,Predator,Red Fox,red-fox_3.jpg
SRT,Goat,Rocky Mountain Sheep,rocky-mountain-sheep-bedded.jpg
SRT,Goat,Rocky Mountain Sheep Bedded,rocky-mountain-sheep.jpg
SRT,Deer,Roe Buck,roe-buck.jpg
SRT,Deer,Roe Deer,roe-deer-female.jpg
SRT,Deer,Roe Deer Female,roe-deer.jpg
SRT,Deer,Roebuck Bedded,roebuck-bedded.jpg
SRT,Varmint,Tanuki,tanuki.jpg
SRT,Varmint,Tasmanian Devil,tasmanian-devil.jpg
SRT,Turkey,Turkey,turkey_3.jpg
SRT,Boar,Wild Boar,wild-boar-running_3.jpg
SRT,Boar,Wild Boar Running,wild-boar_3.jpg
SRT,Predator,Wildcat,wildcat-walking.jpg
SRT,Predator,Wildcat Walking,wildcat.jpg
SRT,Predator,Wolf,wolf_2.jpg
SRT,Predator,Wolverine,wolverine_2.jpg
SRT,Bird,Woodgrouse,woodgrouse_1.jpg
Eleven,Varmint,Badger,badger_2.jpg
Eleven,Deer,Bedded Deer Dark,bedded-deer-dark.jpg
Eleven,Big Cat,Black Panther,black-panther.jpg
Eleven,Reptile,Crocodile,crocodile.jpg
Eleven,Deer,Deer With Horns,deer-with-horns.jpg
Eleven,Deer,Fallow Deer,fallow-deer_3.jpg
Eleven,Predator,Fox,fox_2.jpg
Eleven,Bird,Goose,goose.jpg
Eleven,Goat,Mountain Goat,mountain-goat_2.jpg
Eleven,Varmint,Otter,otter.jpg
Eleven,Boar,Pecari,pecari.jpg
Eleven,Predator,Sitting Wolf,sitting-wolf.jpg
Eleven,Big Cat,Tiger,tiger.jpg
Eleven,Turkey,Turkey,turkey_2.jpg
Eleven,Exotic,Turtle,turtle.jpg
Eleven,Boar,Wild Boar Medium,wild-boar-medium.jpg
Imago,Varmint,aardvak,aardvak.jpg
Imago,Varmint,alert marten ,alert-marten-angle-1.jpg
Imago,Predator,Baboon ,baboon_2.jpg
Imago,Goat,Barbary Goat,barbary-goat.jpg
Imago,Deer,Big Deer,big-dear.jpg
Imago,Goat,Blesbok ,blesbok_1.jpg
Imago,Bird,Double Owl,double-owl.jpg
Imago,Deer,Fallow Deer,fallow-deer.jpg
Imago,Bird,Flying Duck,flying-duck1.jpg
Imago,Varmint,Genet,genet-angle.jpg
Imago,Bird,Goose Grey,goose-grey.jpg
Imago,Bird,Goose White,goose-white.jpg
Imago,Varmint,Hedgehog,hedgehog.jpg
Imago,Goat,Ibex Bedded,ibex-bedded.jpg
Imago,Bear,Sitting Bear,imago-3d-sitting-bear.jpg
Imago,Goat,Balerian Boc,imago-balerian-boc.jpg
Imago,Bird,Bustard,imago-bustard.jpg
Imago,Predator,Lynx,imago-lynx.jpg
Imago,Boar,Wild Boar,imago-wild-boar1.jpg
Imago,Exotic,Zombie,imago-zombie.jpg
Imago,Bird,Magpie Front,magpie-front.jpg
Imago,Bird,Peacock,peacock-2.jpg
Imago,Bird,Penguin,penguin.jpg
Imago,Exotic,Pumpkin,pumpkin.jpg
Imago,Deer,Roe Deer New,roe-deer-new.jpg
Imago,Bird,Shoebill,shoebill.jpg
Imago,Bird,Sitting Duck,sitting-duck.jpg
Imago,Reptile,Snakebrown,snakebrown.jpg
Imago,Reptile,Snakegrey,snakegrey.jpg
Imago,Goat,Spanish Ibex ,spanish-ibex-1.jpg
Imago,Predator,Stalking Fox,stalking-fox2.jpg
Imago,Varmint,Stalking Genet,stalking-genet.jpg
Imago,Varmint,Stalking Marten,stalking-marten.jpg
Imago,Boar,Warthog,warthog3.jpg
Imago,Predator,Wolf Sitting,wolf-sitting.jpg
Leitold,Varmint,Alpine Hare,alpine-hare.jpg
Leitold,Goat,Alpine Ibex,alpine-ibex.jpg
Leitold,Predator,Arctic Fox,arctic-fox.jpg
Leitold,Exotic,Baboon,baboon.jpg
Leitold,Varmint,Beaver,beaver.jpg
Leitold,Big Game,Bedded Bison,bedded-bison.jpg
Leitold,Goat,Bedded Chamois,bedded-chamois.jpg
Leitold,Goat,Bedded Dall Sheep,bedded-dall-sheep.jpg
Leitold,Deer,Bedded Doe Deer,bedded-doe-deer.jpg
Leitold,Goat,Bedded Ibex,bedded-ibex.jpg
Leitold,Big Game,Bison Calf,bison-calf.jpg
Leitold,Big Game,Bison,bison.jpg
Leitold,Bear,Black Bear,black-bear.jpg
Leitold,Varmint,Black Bedded Rabbit,black-bedded-rabbit.jpg
Leitold,Bird,Black Cormoront,black-cormoront.jpg
Leitold,Bird,Black Sitting Falcon,black-sitting-falcon.jpg
Leitold,Bird,Blackcock,blackcock.jpg
Leitold,Boar,Boar Piglet,boar-piglet.jpg
Leitold,Bear,Brown Bear,brown-bear.jpg
Leitold,Reptile,Brown Boa Constrictor,brown-boa-constrictor.jpg
Leitold,Exotic,Carrot,carrot.jpg
Leitold,Goat,Chamois,chamois.jpg
Leitold,Bird,Cormoront,cormoront.jpg
Leitold,Predator,Coyote,coyote.jpg
Leitold,Reptile,Crocodile,crocodile.jpg
Leitold,Bird,Crow,crow.jpg
Leitold,Deer,Fallow Deer,fallow-deer.jpg
Leitold,Goat,Female Chamois,female-chamois.jpg
Leitold,Boar,Female Wild Boar,female-wild-boar.jpg
Leitold,Bird,Flamingo,flamingo.jpg
Leitold,Boar,Fleeing Boar With Stone,fleeing-boar-with-stone.jpg
Leitold,Boar,Fleeing Boar,fleeing-boar.jpg
Leitold,Bird,Flying Duck,flying-duck.jpg
Leitold,Bird,Flying Owl,flying-owl.jpg
Leitold,Exotic,Garden Gnome,garden-gnome.jpg
Leitold,Bird,Golden Eagle,golden-eagle.jpg
Leitold,Predator,Gorilla,gorilla.jpg
Leitold,Bear,Grizzly Bear With Prey,grizzly-bear-with-prey.jpg
Leitold,Varmint,Hare On Hind Legs,hare-on-hind-legs.jpg
Leitold,Bird,Heron,heron.jpg
Leitold,Predator,Howling Arctic Wolf,howling-arctic-wolf.jpg
Leitold,Predator,Howling Timber Wolf,howling-timber-wolf.jpg
Leitold,Predator,Hyena,Hyena.jpg
Leitold,Exotic,Jackalope 2,jackalope-2.jpg
Leitold,Exotic,Jackalope,jackalope.jpg
Leitold,Exotic,Kangaroo,kangaroo.jpg
Leitold,Deer,Large Bedded Doe Deer,large-bedded-doe-deer.jpg
Leitold,Bird,Large Grey Goose,large-grey-goose.jpg
Leitold,Varmint,Large Raccoon,large-raccoon.jpg
Leitold,Boar,Large Wild Boar,large-wild-boar.jpg
Leitold,Reptile,Light Green Boa Constrictor,light-green-boa-constrictor.jpg
Leitold,Big Cat,Lion,lion.jpg
Leitold,Big Cat,Lioness,lioness.jpg
Leitold,Big Cat,Lying Lynx,lying-lynx.jpg
Leitold,Predator,Lying Wolf,lying-wolf.jpg
Leitold,Goat,Marco Polo On Hind Legs,marco-polo-on-hind-legs.jpg
Leitold,Goat,Marco Polo Sheep,marco-polo-sheep.jpg
Leitold,Boar,Medium Wild Boar,medium-wild-boar.jpg
Leitold,Goat,Mouflon On Hind Legs,mouflon-on-hind-legs.jpg
Leitold,Bird,Ostrich,ostrich.jpg
Leitold,Varmint,Otter,otter.jpg
Leitold,Bird,Pheasant Hen,pheasant-hen.jpg
Leitold,Bird,Pheasant,pheasant.jpg
Leitold,Bird,Pigeon,pigeon.jpg
Leitold,Bear,Polar Bear,polar-bear.jpg
Leitold,Varmint,Rabbit,rabbit.jpg
Leitold,Varmint,Raccoon,raccoon.jpg
Leitold,Bird,Raven,raven.jpg
Leitold,Deer,Red Deer,red-deer.jpg
Leitold,Deer,Roebuck,roebuck.jpg
Leitold,Big Cat,Running Lynx,running-lynx.jpg
Leitold,Predator,Running Polar Fox,running-polar-fox.jpg
Leitold,Varmint,Running Raccoon,running-raccoon.jpg
Leitold,Predator,Running Red Fox,running-red-fox.jpg
Leitold,Deer,Siberian Buck,siberian-buck.jpg
Leitold,Varmint,Sitting Alpine Hare,sitting-alpine-hare.jpg
Leitold,Bird,Sitting Bald Eagle,sitting-bald-eagle.jpg
Leitold,Varmint,Sitting Beaver,sitting-beaver.jpg
Leitold,Predator,Sitting Fox,sitting-fox.jpg
Leitold,Bird,Sitting Golden Eagle,sitting-golden-eagle.jpg
Leitold,Varmint,Sitting Hare,sitting-hare.jpg
Leitold,Big Cat,Sitting Lynx,sitting-lynx.jpg
Leitold,Varmint,Sitting Meerkat,sitting-meerkat.jpg
Leitold,Varmint,Skunk On Fore Legs,skunk-on-fore-legs.jpg
Leitold,Varmint,Skunk,skunk.jpg
Leitold,Bear,Small Black Bear,small-black-bear.jpg
Leitold,Bear,Small Brown Bear,small-brown-bear.jpg
Leitold,Bear,Small Polar Bear,small-polar-bear.jpg
Leitold,Predator,Small Sitting Fox,small-sitting-fox.jpg
Leitold,Bear,Small Walking Black Bear,small-walking-black-bear.jpg
Leitold,Bear,Small Walking Brown Bear,small-walking-brown-bear.jpg
Leitold,Bear,Small Walking Polar Bear,small-walking-polar-bear.jpg
Leitold,Exotic,Snail,snail.jpg
Leitold,Bird,Snow Grouse,snow-grouse.jpg
Leitold,Deer,Springbuck,springbuck.jpg
Leitold,Deer,Standing Buck,standing-buck.jpg
Leitold,Goat,Standing Dall Sheep,standing-dall-sheep.jpg
Leitold,Bear,Standing Grizzly Bear,standing-grizzly-bear.jpg
Leitold,Big Cat,Standing Lynx,standing-lynx.jpg
Leitold,Varmint,Standing Marmot,standing-marmot.jpg
Leitold,Varmint,Standing Meerkat,standing-meerkat.jpg
Leitold,Goat,Standing Mouflon,standing-mouflon.jpg
Leitold,Boar,Standing Piglet,standing-piglet.jpg
Leitold,Deer,Standing Red Deer,standing-red-deer.jpg
Leitold,Varmint,Stone Squirrel Marten,stone-squirrel-marten.jpg
Leitold,Boar,Strong Wild Boar,strong-wild-boar.jpg
Leitold,Big Cat,Tiger,tiger.jpg
Leitold,Predator,Timber Wolf,timber-wolf.jpg
Leitold,Bear,Walking Black Bear,walking-black-bear.jpg
Leitold,Bear,Walking Brown Bear,walking-brown-bear.jpg
Leitold,Bear,Walking Polar Bear,walking-polar-bear.jpg
Leitold,Boar,Warthog,warthog.jpg
Leitold,Big Cat,White Tiger,white-tiger.jpg
Leitold,Predator,Wolverine,wolverine.jpg
Leitold,Goat,Young Chamois,young-chamois.jpg
Leitold,Boar,Young Wild Boar,young-wild-boar.jpg
Rinehart,Turkey,Alert Turkey,Alert-Turkey.jpg
Rinehart,Reptile,Alligator,alligator.jpg
Rinehart,Varmint,Badger,Badger1.jpg
Rinehart,Exotic,Bat Large,bat-2017-large.png
Rinehart,Deer,Bedded Buck,bedded-buck.jpg
Rinehart,Goat,Bedded Dahl Sheep,Bedded-Dahl-sheep.jpg
Rinehart,Big Game,Bedded Elk,Bedded-Elk.jpg
Rinehart,Exotic,Black Cobra,black-cobra.png
Rinehart,Exotic,Black Widow Large,black-widow-large.png
Rinehart,Deer,Booner Buck,Booner-Buck.png
Rinehart,Deer,Booner Mule Deer,Booner-Mule-Deer.jpg
Rinehart,Deer,Broadhead Buck,broadhead-buck.png
Rinehart,Deer,Browsing Buck,Browsing-Buck.png
Rinehart,Big Game,Buffalo,buffalo.jpg
Rinehart,Big Game,Caribou,caribou.jpg
Rinehart,Goat,Corsican Ram,Corsican-Ram.jpg
Rinehart,Big Cat,Cougar,cougar1.jpg
Rinehart,Fish,Gar,gar.jpg
Rinehart,Goat,Gazelle,Gazelle.jpg
Rinehart,Turkey,Gobbler,Gobbler.jpg
Rinehart,Predator,Grey Wolf,grey-wolf.png
Rinehart,Bird,Grouse,Grouse.jpg
Rinehart,Boar,Hogzilla,hogzilla.jpg
Rinehart,Bear,Honey Bear,honey-bear.png
Rinehart,Exotic,Jackalope,Jackalope.jpg
Rinehart,Big Cat,Leopard With Rock,leopard-with-rock.jpg
Rinehart,Big Cat,Lion Large,lion-large.png
Rinehart,Goat,Mountain Goat,mountain-goat.jpg
Rinehart,Big Cat,Mountain Lion With Rock,mountain-lion-with-rock.jpg
Rinehart,Bird,Pheasant Large,pheasant-large.png
Rinehart,Deer,Pronghorn,Pronghorn.jpg
Rinehart,Varmint,Rabbit,rabbit.jpg
Rinehart,Bird,Raven,Raven.png
Rinehart,Predator,Red Fox,Red-Fox1.jpg
Rinehart,Big Game,Red Stag Large,red-stag-large.png
Rinehart,Exotic,Sasquatch,Sasquatch.jpg
Rinehart,Varmint,Skunk Large,skunk-large.png
Rinehart,Bear,Small Black Bear,small-black-bear.jpg
Rinehart,Bear,Small Brown Bear,small-brown-bear.jpg
Rinehart,Bear,Small White Bear,small-white-bear.jpg
Rinehart,Varmint,Squirrel Large,Squirrel-large.png
Rinehart,Goat,Standing Dahl Sheep,standing-dahl-sheep.jpg
Rinehart,Big Game,Standing Elk,Standing-Elk.jpg
Rinehart,Reptile,Tree Boa Large,tree-boa-large.png
Rinehart,Predator,White Wolf,white-wolf.jpg
Rinehart,Boar,Woodland Boar,woodland-boar.jpg
Rinehart,Deer,Woodland Buck,Woodland-Buck.pngFranzbogen
Franzbogen,Predator,Wolf standing,Wolf-standing.png
Franzbogen,Deer,Red Deer,Red-Deer.png
Franzbogen,Deer,Fallow Deer lying,Fallow-Deer-lying.png
Franzbogen,Deer,Fallow Deer standing,Fallow-Deer-standing.png
Franzbogen,Deer,Deer standing,Deer-standing.png
Franzbogen,Deer,Deer lying,Deer-lying.png
Franzbogen,Goat,Ibex standing,Ibex-standing.png
Franzbogen,Bear,Black Bear standing,Black-Bear-standing.png
Franzbogen,Bear,Bear sitting,Baer-sitting.png
Franzbogen,Predator,Black Wolf howling,Black-Wolf-howling.png
Franzbogen,Boar,Wild Sow,Wild-Sow.png
Franzbogen,Turkey,Turkey cock,Turkey-cock.png
Franzbogen,Boar,Boar,Boar.png
Franzbogen,Goat,Billy Goat,Billy-Goat.png
Franzbogen,Bear,Black Bear,Black-Bear.png
Franzbogen,Predator,Wolverine,Wolverine.png
Franzbogen,Big Cat,Cheetah-hunting leopard,Cheetah-hunting-leopard.png
Franzbogen,Big Cat,Panther black,Panther-black.png
Franzbogen,Predator,Black wolf kneeing,Blackwolf-kneeing.png
Franzbogen,Varmint,Badger going,Badger-going.png
Franzbogen,Varmint,Beaver,Biber-gross.png
Franzbogen,Varmint,Big hare,Big-hare.png
Franzbogen,Varmint,Marmot standing,Marmot-standing.png
Franzbogen,Deer,Roe Deer,Roe-Deer.png
Franzbogen,Predator,Wolf sitting,Wolf-sitting.png
Franzbogen,Predator,Coyote,Coyote.png
Franzbogen,Boar,Javelina,Javelin.png
Franzbogen,Bird,Eagle Owl,Eagle-Owl.png
Franzbogen,Bird,gray goose eating,gray-goose-eating.png
Franzbogen,Boar,Boar lying,Boar-lying.png
Franzbogen,Reptile,Alligator,Alligator.png
Franzbogen,Big Cat,Panther - standing,Panther---standing.png
Franzbogen,Varmint,Chipmunk on Block,Chipmunk-on-Block.png
Franzbogen,Varmint,chipmunk,chipmunk.png
Franzbogen,Bird,Raven,Target-Raven.png
Franzbogen,Varmint,Hare,Target-Hare.png
Franzbogen,Varmint,Hare sitting,Hare-sitting.png
Franzbogen,Varmint,Hare lying,Hare-lying.png
Franzbogen,Varmint,Beaver standing,Beaver-standing.png
Franzbogen,Bird,Raven flying,Raven-flying.png
Franzbogen,Reptile,Crocodile small,Crocodile-small.png
Franzbogen,Bird,Common Raven,Common-Raven.png
Franzbogen,Bird,Goose flying,Goose-flying.png
Franzbogen,Bird,Hawk flying,Hawk-flying.png
Franzbogen,Predator,Fox small,Fox-small.png
Franzbogen,Bird,Minerva Owl little & Backstop,Minerva-Owl-little-&-Backstop.png
Franzbogen,Bird,Raven & Backstop,Raven-&-Backstop.png
Franzbogen,Varmint,Squirrel & Backstop,Squirrel-&-Backstop.png
Franzbogen,Bird,Hawk,Hawk.png
Franzbogen,Boar,Wild Boar Piglet,Wild-Boar-Piglet.png
Franzbogen,Bird,Minerva Owl little,Minerva-Owl-little.png
Franzbogen,Bird,Raven,Raven.png
Franzbogen,Varmint,Squirrel,Squirrel.png
Franzbogen,Varmint,Hedgehog,Hedgehog.png
Franzbogen,Boar,Wild Boar Piglet lying,Wild-Boar-Piglet-lying.png
Franzbogen,Bird,Tawny Owl screech,Tawny-Owl-screech.png
Franzbogen,Reptile,Lizard,Goanna.png
Franzbogen,Deer,Roe Deer,Roe-Deer.png
Franzbogen,Turkey,Turkey Hen standing,Turkey-Hen-standing.png
Franzbogen,Varmint,Badger standing,Badger-standing.png
Franzbogen,Deer,Roe Deer lying,Roe-Deer-lying.png
Franzbogen,Exotic,Shield,shild.png
Franzbogen,Exotic,Troll dog,Trolldog.png
Franzbogen,Exotic,Killer mushroom,Killermashroom.png
Franzbogen,Exotic,Fruit of the Sea,Fruit-of-the-See.png
Franzbogen,Exotic,Dragon,Dragon.png
Franzbogen,Exotic,Moorulm,Moorulm.png
Franzbogen,Exotic,The Egg,The-Egg.png
Franzbogen,Exotic,Dragon on egg,Dragon-on-egg.png
Franzbogen,Exotic,Gnome,Gnom.png
Franzbogen,Exotic,Flying dragon,Flying-dragon.png